Question,Answer
1. Can you explain the process of creating and manipulating variables in a coding environment? What are the key skills and tools needed for this task?,"Creating and manipulating variables in a coding environment involves several steps. These steps can slightly vary depending on the specific programming language being used, but the general process mostly remains the same:

1. Declaration: The first step is to declare a variable. This involves specifying the variable's name and sometimes its type (for statically typed languages like C++, Java, etc.). For example, in JavaScript, you can declare a variable using the ""var"" keyword, like so: var x;

2. Initialization: After declaring a variable, you can initialize it by assigning it a value. Continuing from the above example, you could initialize the variable x with the value 5 like so: x = 5;

3. Manipulation: Once a variable has been declared and initialized, you can manipulate it. This can involve operations like addition, subtraction, multiplication, division, etc., or it could involve more complex operations like string concatenation, depending on the variable's type.

The key skills needed for variable creation and manipulation include understanding of the specific programming language syntax, knowledge of data types, and logical thinking. The main tools needed would be a text editor or integrated development environment (IDE) to write the code, and a compiler or interpreter to run the code. 

For example, in Python:

```python
# variable declaration & initialization
x = 5

# variable manipulation
x = x + 2  # x now holds the value 7
```

And in Java:

```java
// variable declaration & initialization
int x = 5;

// variable manipulation
x = x + 2;  // x now holds the value 7
```"
2. What are the detailed steps required to install the Apache Web Server? How can one test basic PHP programs on it?,The text does not provide detailed steps on how to install the Apache Web Server or how to test basic PHP programs on it.
"3. Can you describe the operations related to Classes and Objects in object-oriented programming, such as creating an object, managing object properties/methods, and handling object constructors/destructors?","In object-oriented programming, classes are blueprints for creating objects. The class defines the properties (also known as attributes or fields) and methods that an object can have.

1. Creating an object: An object is an instance of a class. When an object is created, a space is allocated in memory. For example, in PHP, you can create an object using the 'new' keyword followed by the class name.

```php
$objectName = new ClassName();
```

2. Object properties: These are variables defined inside a class. They represent the state or quality of an object. You can access these properties using the object followed by the '->' operator and then the property name. 

```php
$objectName->propertyName;
```

3. Object methods: These are functions defined inside a class. They represent the behaviors or actions that an object can perform. You can access these methods in a similar way to properties.

```php
$objectName->methodName();
```

4. Object constructors: A constructor is a special method that is automatically called when an object is created. It usually initializes the object's properties. In PHP, it is defined with the '__construct()' method. 

```php
class ClassName {
  public function __construct() {
    // code to execute when object is created
  }
}
```

5. Object destructors: A destructor is another special method that is automatically called when an object is destroyed or the script ends. It is generally used for cleanup, like closing database connections. In PHP, it is defined with the '__destruct()' method.

```php
class ClassName {
  public function __destruct() {
    // code to execute when object is destroyed
  }
}
```

6. Class constants and inheritance, abstract classes and methods, object serialization, existence checking for class and method, exceptions, and iterators are other advanced concepts related to classes and objects. 

Remember, the exact syntax and available features can vary depending on the programming language you are using."
4. How does one install and configure MySQL? What steps are involved in designing a database?,"According to the provided context, the following steps are involved in the installation and configuration of MySQL:

1. Practice Configuration of MySql (2 hrs)
2. Demonstrate Server Client architecture (2 hrs)
3. Practice on Table Creation Rules (2 hrs)
4. Practice on MySQL syntax and creating a database design (4 hrs)
5. Practice on data migration (4 hrs)
6. Practice on Importing and exporting formats (4 hrs)
7. Practice on data tunneling (4 hrs)
8. Practice on Database repair and archival (4 hrs)
9. Practice on cross database syntax equivalents (4 hrs)
10. Preparation of Database Project in any Industry/ organization (4 hrs)

In terms of designing a database, the following are the steps involved:

1. Identifying the needed information: This involves recognizing the data that needs to be stored in the database.
2. Creating a table for each data set: Tables are used to store related data.
3. Setting primary keys: Each table should have a primary key, a unique identifier for each record.
4. Setting up relationships among tables: Tables are linked to each other through relationships.
5. Refining and finalizing the design: This includes checking the design for errors, creating table structures, and loading the data.

Please note that the hours mentioned are indicative and may vary based on the specific requirements and the learner's pace."
"5. How can you design and publish web pages on a local web server using HTML, CSS, VB Script, and JavaScript?","Designing and publishing web pages on a local web server using HTML, CSS, VBScript, and JavaScript involves several steps:

1. HTML: Begin by creating an HTML file, which will be the backbone of your webpage. HTML (HyperText Markup Language) is used to create the structure of web pages. You can create various elements like headings, paragraphs, lists, links, images, and other media in this file.

2. CSS: Use CSS (Cascading Style Sheets) to style your HTML content. CSS helps to control the appearance of HTML elements. You can set colors, fonts, layouts, and other aspects of your web pages with CSS. This can be done either within the HTML file or by linking to an external CSS file.

3. JavaScript: JavaScript is used to make your webpage dynamic and interactive. You can use JavaScript to create features like interactive forms, animations, and other interactive elements.

4. VBScript: VBScript is a scripting language developed by Microsoft, mainly used for server-side processing in ASP (Active Server Pages). If needed, you can use VBScript to handle server-side tasks.

5. Once your web page is designed with HTML, CSS, and possibly JavaScript and VBScript, you will need to set up a local web server to publish it. This can be done using software like Apache, IIS, or others.

6. Once your server is set up, you can publish your web pages to it. This usually involves copying your HTML, CSS, and JavaScript files to a specific directory on the server.

7. After your files are in place, you can access your web page using a web browser. You will need to enter the local address of your web server, followed by the path to your HTML file.

8. Finally, you can test your web page in various browsers to make sure it works and looks as expected. If everything is working properly, you have successfully designed and published a web page on your local web server!"
"6. What are the fundamental coding concepts in Python, including the use of the print() function, arithmetic operators, and variable management?","The fundamental coding concepts in Python include:

1. The print() function: This is a built-in function in Python that is used to output data to the standard output device (like a screen). The message to be printed is passed as a parameter within the parentheses.

2. Arithmetic operators: Python has several arithmetic operators, including addition (+), subtraction (-), multiplication (*), division (/), modulus (%), exponentiation (**), and floor division (//).

3. Variable management: Variables in Python are containers for storing data values. They are created the moment you first assign a value to them. Python is a dynamically typed language, so you don't need to declare the type of the variable when you create one. You can use the assignment operator (=) to assign values to variables.

4. Literals: These are data given in a variable or constant. Python supports several types of literals like string literals, numeric literals (integer, float, complex), boolean literals (True and False), and special literal (None).

5. Operators and expressions: Operators are special symbols in Python that carry out arithmetic or logical computation, while an expression is a combination of variables, operations and values that yields a result value.

6. Comments: Python uses the hash symbol (#) to start a comment. Comments are notes in your code that aren't executed when your code is run. These are helpful for explaining what your code is doing and are especially useful when others are looking at your code.

7. Input and output: Python uses the input() function to read input data from the user and the print() function to output data to the console.

8. Converting strings into numbers and vice versa: This is done using built-in functions like int(), float(), and str().

9. Variables, naming and assigning variables, shortcut operators: Variables are named locations used to store data in the memory. Naming rules apply where a variable name must start with a letter or the underscore character, and cannot start with a number. It can only contain alpha-numeric characters and underscores (A-z, 0-9, and _ ). 

10. Practice operators and expressions, arithmetic operators, operators and their priorities, operators and their bindings: Python provides various operators for performing operations like arithmetic operators, comparison (relational) operators, assignment operators, logical operators, bitwise operators, membership operators, and identity operators.

Each of these concepts forms the foundation of Python programming and is essential for writing and understanding Python code."
"7. How can one design a website using Dreamweaver, integrating PHP, VBScript, JavaScript, MySQL, and other related software?","To design a website using Dreamweaver and integrating PHP, VBScript, JavaScript, MySQL, and other related software, one would follow the following steps:

1. Open Dreamweaver and create a new HTML file.

2. Design the layout of your website using Dreamweaver's visual interface. You can add different elements like text boxes, images, buttons etc. as per your requirement.

3. For dynamic functionality, you can write PHP, JavaScript, or VBScript code. This can be done in the code view of Dreamweaver. For PHP, you will need to install a local server like Apache or WAMP to run your PHP scripts.

4. JavaScript or VBScript can be used for client-side scripting. You can add scripts to your HTML file in Dreamweaver to make your webpage more interactive.

5. To connect your website with a MySQL database, you will need to write PHP or VBScript code for server-side scripting. This code will be used to connect to the MySQL server, select the database, and perform operations like insert, update, delete, and select.

6. You can also use Dreamweaver's built-in database functionalities to connect to your MySQL server and manipulate data.

7. After all the coding and designing is done, you can preview your website in a web browser to see how it will look on the web.

8. Finally, you need to upload all your website files to a web server to publish your website on the internet. You can use Dreamweaver's built-in FTP client for this purpose.

Remember that while Dreamweaver provides a visual interface for designing websites, understanding the underlying code (HTML, CSS, PHP, JavaScript, VBScript, MySQL) is crucial for creating more complex, functional, and custom websites."
"8. In terms of network security, how can one configure and secure a network to reduce threats, vulnerabilities, and risks to information security?","To configure and secure a network to reduce threats, vulnerabilities, and risks to information security, the following steps can be followed:

1. Implementing Basic Security Measures on Network Devices: This can include setting up strong, unique passwords, enabling firewall protections, and limiting the number of unsuccessful login attempts.

2. Identifying Security Vulnerabilities: Regularly conducting security audits and vulnerability assessments can help identify potential weaknesses in the network that could be exploited by attackers.

3. Implementing Mitigation Techniques: Once vulnerabilities are identified, measures should be taken to mitigate them. This could include patching software, updating hardware, or changing network configurations.

4. Configuring Network Devices with Device Hardening Features: Device hardening involves implementing security measures on network devices to protect them from threats. This can include disabling unnecessary services, setting up intrusion prevention systems, and regularly updating and patching devices.

5. Implementing a Network Design for a Small Network: This involves setting up a network with a router, a switch, and end devices in a manner that is secure and efficient.

6. Configuring Switches and Routers with Device Hardening Features: This can help to enhance the overall security of the network.

7. Regularly Updating and Patching: Keeping all devices and software up-to-date is crucial for network security. Updates and patches often fix security vulnerabilities that could be exploited by attackers.

8. Regular Monitoring: Regularly monitoring the network can help identify any unusual activity or potential security threats. This can be done through the use of intrusion detection systems and other monitoring tools.

9. Backup and Recovery: Regularly backing up data and having a recovery plan in place is essential for mitigating the damage caused by a security breach or other disaster.

10. Training: All users of the network should be trained in basic cybersecurity practices, such as recognizing phishing attempts and using strong, unique passwords."
"9. How can one create advanced workbooks in Excel, incorporating formulas, macros, charts, and pivot tables?","The context provided does not include information on how to create advanced workbooks in Excel, incorporating formulas, macros, charts, and pivot tables."
"10. Can you explain the concept of cloud computing and describe common services such as Office 365, Google Drive, and Dropbox?","The syllabus does not provide detailed information on the concept of cloud computing or services such as Office 365, Google Drive, and Dropbox."
"11. How can one perform operations with Microsoft Office tools such as Word, Excel, PowerPoint, and Outlook?","To perform operations with Microsoft Office tools such as Word, Excel, PowerPoint, and Outlook, the following steps can be taken:

Microsoft Word:
1. Open, resize and close MS Word.
2. Open, edit, and save or ""save as"" documents.
3. Use all menu bar features.
4. Use all Standard toolbar features.
5. Create Document, non-documents files.
6. Create templates.
7. Create tables.
8. Insert pictures and videos.
9. Mail merge documents.
10. Create Bookmarks.
11. Add Bullets and numbering.
12. Create Hyperlinks.
13. Create brochures.
14. Create bookwork.

Microsoft Excel:
1. Work with Microsoft Excel for creating worksheets with Graphs and Visuals.

Microsoft PowerPoint:
1. Work with Microsoft PowerPoint for creating multimedia presentations.
2. Work with custom animation and effects.

Microsoft Outlook:
1. Customize quick email, calendar, and tasks.
2. Create a shortcut in the Outlook Bar to any file, folder or Web page.
3. Send and receive email in HTML format.
4. Use ‘Find’ tool to quickly find messages, appointments or tasks using a Web-style search to specify the desired information.
5. Set up rules and even filter out junk email.
6. Publish personal or team calendar as a Web page using a single command.
7. Create and store personal distribution lists along with contacts in your Contacts folder.
8. Manage mass mailings with Mail Merge for email, fax or print distribution to select or all contacts based on any set of contact fields."
12. How can one create graphic designs using Adobe Photoshop and Corel Draw?,"The text describes several steps to creating graphic designs with Adobe Photoshop and Corel Draw:

1. Use Photoshop tools such as the pencil tool for drawing and editing.
2. Use palettes in both Photoshop and Corel Draw for different purposes.
3. Draw and edit brushed paths in Photoshop.
4. Create brushes in Photoshop and even develop a pattern brush.
5. Use rulers, guides, and grids in Photoshop.
6. Use selection tools in Photoshop to move, copy, and delete objects.
7. Group and ungroup objects in Photoshop.
8. Use the free transform tool in Photoshop to distort objects.
9. Use the pathfinder palette in Photoshop to change vector graphics into bitmap images.
10. Practice linking objects to URLs for internet packages.
11. In Corel Draw, practice using the pencil tools and transforming selected objects.
12. Work with clipping masks in Photoshop.
13. Practise changing vector graphics into bitmap images in Corel Draw. 
Remember, it's crucial to practice these skills to become proficient in using these software for graphic design."
13. What steps are involved in designing and developing web pages using HTML?,"Designing and developing web pages using HTML involves the following steps:

1. Working with HTML tags.
2. Working with fonts and colors.
3. Creating hyperlinks.
4. Developing unordered lists, ordered lists, and definition lists.
5. Practicing with different types of marquee effects.
6. Developing HTML pages using tables.
7. Developing user registration forms and other types of web forms.
8. Opening pages in parent windows and using the Embed tag to insert media.
9. Inserting flash files in safe mode.
10. Auto-playing videos and audio files, and playing them from a specific time.
11. Hiding controls on a web page.
12. Setting different colors for different headings and changing paragraph font size and color using styles.
13. Using JavaScript to print ""Hello World"" on a web page.
14. Validating user input such as passwords and dates.
15. Validating email addresses.
16. Registering a free website and uploading pages.
17. Setting up the work area."
14. How can one create and record various formats of multimedia audio and video files using digital audio and video editor tools?,"To create and record various formats of multimedia audio and video files using digital audio and video editor tools, one can follow these steps:

For Audio:
1. Sound Recording: Practice sound recording in different channels such as mono and stereo. This involves setting up your microphone or other audio input, and then using the recording feature in your audio editing software.
2. Sound Editing: After recording, edit the sound and give special effects using the various tools available in the audio editing software. This can include trimming, adjusting volume, adding effects, and more.
3. Use Various Formats: It's important to familiarize yourself with the different audio file formats such as WAV, MP3, AAC, FLAC, and others. Different formats have different qualities and sizes, so choose the one that best suits your needs.
4. Analog to Digital Conversion: If you have analog audio, you can convert it to digital audio. This process involves using an analog-to-digital converter.
5. Frequency Management: Practice managing the frequency of your audio. This can involve adjusting the pitch, tone, and speed of your audio.
6. Distorting Recorded Audio: Using effects, you can distort your recorded audio to create different sound effects.

For Video:
1. Familiarize Yourself with the Tools: Get acquainted with the arrangement of different toolbars, panels, tools, and viewports in your video editing software.
2. Drawing and Visualization: Draw and visualize simple objects in terms of top view, front view, and side view to plan your video.
3. Video Recording: Use your video editor's recording feature to capture video. You may also import video clips into the editor.
4. Video Editing: After recording, use your video editing software to trim clips, adjust color and lighting, add transitions, and more. 
5. Using Different Formats: Like with audio, it's important to know the different video file formats like MP4, AVI, MOV, and others. Different formats have different qualities and sizes, so choose the one that best suits your needs."
15. How can one create custom database files using Microsoft Access and Visual Basic?,"To create custom database files using Microsoft Access and Visual Basic, one can follow the steps outlined below:

1. Open an existing database or create a new one in MS Access.
2. Identify the objects supported in MS Access.
3. Create a table in the datasheet and design view.
4. Enter data and edit it as needed.
5. Apply data validation and verification in Access.
6. Develop a customized form for data entry.
7. Develop queries to handle data.
8. Generate reports for required output and create customized reports.
9. Set the relationship between tables, and between tables and queries, or both.
10. Use Visual Basic with MS Access as the front end. This involves writing scripts in VB that interact with the database, perform computations, handle user inputs, and more.
11. Create a simple application using Access and VB for a given specification. This step involves using VB to build a user interface and functionality, and Access to store and retrieve data.
12. Import or export data to or from the Access database as needed.
13. Backup and retrieve the database in Access. This is crucial to prevent data loss and to ensure the recovery of data when needed.

Remember, this is a complex process that requires knowledge in both MS Access and Visual Basic programming. You need to have a good understanding of databases, relational database systems, and software development methods."
"16. How can one connect network devices and configure them for network connection, considering networking concepts?","Connecting network devices and configuring them for network connection involves several steps:

1. Identify network devices and their usages: Devices include routers, switches, and end devices like computers and printers. Each device has a specific role in the network.

2. Setup a LAN with Internet connectivity: Connect the devices using ethernet cables or Wi-Fi. The router provides access to the internet.

3. Configure a host device with an IP address: Each device on the network needs a unique IP address to communicate. This can be assigned manually or automatically through DHCP.

4. Configure a device using the command-line interface (CLI): This involves entering specific commands in the device's command line to set up its network settings. 

5. Save Configurations: Use IOS commands to save the running configuration. This ensures that the settings remain even after the device is restarted.

6. Verify connectivity between devices: Use tools like ping to check if devices can communicate with each other. 

Remember, it's important to understand networking protocols and standards, as these rules ensure successful communication between devices. Using the TCP/IP or OSI model can facilitate standardization and data encapsulation for transporting data across the network. 

Additionally, security considerations should be taken into account to protect the network from threats. This might involve setting up firewalls, using secure passwords, and regularly updating device software."
17. What are the steps involved in installing and configuring Windows Desktop and File Explorer?,The context does not provide detailed steps on installing and configuring Windows Desktop and File Explorer.
18. How can one secure Windows workstations and manage wireless security?,"The program includes a session on securing Windows workstations and managing wireless security. This involves configuring basic security settings and policies for end devices, configuring wireless security, and explaining the six steps of the troubleshooting process for security."
19. Can you explain the concept of virtualization and its application in cloud computing?,"Virtualization in cloud computing is a technology that allows the creation of a virtual version of something like a server, storage device, network or even an operating system. It enables multiple operating systems and applications to run on the same machine and the same hardware at the same time, increasing the utilization and flexibility of hardware.

In the context of cloud computing, virtualization is often used to maximize the efficient use of resources. It allows cloud providers to serve multiple customers using the same physical resources, such as servers and storage, by creating separate virtual environments for each customer. This not only reduces the cost of hardware and maintenance, but also allows for rapid scaling and flexible resource allocation. 

Furthermore, virtualization provides a level of abstraction between the software and hardware, which makes moving, backing up, and recovering virtual machines easier compared with physical hardware. This makes it a key technology in disaster recovery and business continuity in a cloud environment."
20. How can one create graphic designs using Adobe PageMaker and Corel Draw?,"The context suggests several steps and practices for creating graphic designs using Adobe PageMaker and Corel Draw:

1. Work with Adobe PageMaker and Corel Draw: Gain familiarity with the software interfaces, tools, and features.

2. Practice using different tools: Use different tools in these software like the pencil tools for drawing and editing.

3. Use of Palettes: Practice using different palettes which provide a range of colors or patterns to use in your design.

4. Transforming objects: Practice transforming selected objects. This could involve resizing, rotating, skewing, or distorting the objects in your design.

5. Use the Pathfinder palette: This tool is used to create complex shapes by combining simple ones.

6. Convert Vector Graphics into Bitmap images: Practice changing vector graphics, which are made up of paths, into bitmap images, which are made up of pixels.

7. Create and Edit: Create new designs and edit them using Adobe PageMaker and Corel Draw tools.

Remember, practice and experimentation are key to becoming proficient in these software."
21. How can one use Visual Basic with MS Access to create applications?,"One can use Visual Basic with MS Access to create applications following these steps:

1. Use MS Access to create a database and set up the necessary tables, relationships, and queries.

2. Use Visual Basic to create a front end interface for the database. This interface can include forms for data entry and editing, as well as tools for data validation and verification.

3. Use Visual Basic to develop queries that interact with the MS Access database, retrieving or modifying data as needed.

4. Use Visual Basic to develop reports based on the data in the MS Access database.

5. Create a simple application using Access and Visual Basic, practicing use of Visual Basic with MS Access as front end for 12 hours according to the context.

6. Import and export data to and from the MS Access database.

7. Perform database backup and retrieval in Access.

Remember, each of these steps requires understanding of both Visual Basic and MS Access, as well as how they can interact with each other. It involves learning the syntax and commands in Visual Basic that are used to communicate with an Access database, and understanding the structure and functionality of an Access database.
"
22. What are the steps involved in importing and exporting data to and from MS-Access?,The text does not provide specific steps involved in importing and exporting data to and from MS-Access.
23. How can one create a simple application using Access and VB for a given specification?,"One can create a simple application using Access and Visual Basic (VB) by following these general steps:

1. Set up your database: Begin by creating your database in MS-Access. Define your tables, set relationships between them if required, and populate them with data. 

2. Define the specification: Understand the requirements of the application you are trying to create. This will help you decide what features and functions your application needs.

3. Open Visual Basic: After setting up your database, open Visual Basic and start a new project. 

4. Connect VB to MS-Access: In VB, set up a connection to your MS-Access database. This is usually done using ADO (ActiveX Data Objects) or DAO (Data Access Objects) libraries.

5. Create forms: Based on the specification, create forms in VB for data entry and editing. 

6. Develop queries: Use SQL (Structured Query Language) to develop queries that will fetch, insert, update, or delete data from your database based on user actions.

7. Generate reports: If required by your specification, create functions to generate reports from the data in your database.

8. Test your application: Run the application and test all features and functions. Make sure the data entry, editing, querying, and report generating features all work correctly.

9. Debug and finalize: If there are any issues or errors, debug your code and fix them. Once everything is working as expected, finalize your application.

Please note that these steps are quite general and the actual process might vary based on the specifics of the application you are trying to create."
24. How can one perform database backup and retrieval in Access?,"The process of performing database backup and retrieval in Access involves several steps. The backup can be done by saving a copy of the database file in a separate location. This can be accomplished by going to the ""File"" menu, selecting ""Save As"", and then choosing the location to save the backup.

Retrieval, on the other hand, involves opening the backup copy of the database in Access. If data has been lost or corrupted in the original database, the backup copy can be used to restore the data. It's important to note that this should be done regularly to ensure data safety."
25. How can one create a graphics design project using Adobe PageMaker and Corel Draw?,"The context suggests the following steps to create a graphics design project using Adobe PageMaker and Corel Draw:

1. Work with Corel draw: Begin by practicing the use of palettes, drawing, and editing with pencil tools. Corel Draw is a vector-based graphic design software that is used for creating logos, flexes, brochures, invitation cards, and any kind of vector designing.

2. Practice transforming selected objects: This involves resizing, rotating, and skewing objects to fit the desired design.

3. Use the pathfinder palette: This allows you to combine objects using various methods, which can aid in the design process.

4. Practice changing vector graphics into bitmap images: This is useful if you need to convert your designs into a raster or bitmap format, which can be useful for specific applications.

5. Use Adobe PageMaker: This software is used to create high-quality publications, such as brochures and newsletters. 

6. Create pamphlets: This involves utilizing both the design tools and the layout tools of the program.

7. Work with reports: Layout and design reports for various purposes, using the tools available in Adobe PageMaker.

8. Create long book works: This could include designing the layout for books or lengthy publications.

Remember to continually practice with the tools and features of both software to improve your graphic design skills."
"26. How can one create a simple website using HTML with at least 5 pages, including images, tables, charts, lists, and hyperlinks?","To create a simple website with 5 pages using HTML, you should have basic knowledge in HTML tags, fonts, colors, hyperlinks, lists, tables, and images. Below are the steps on how to create a simple 5-page website:

1. Create an HTML file for each page you want on your website. For example, you might have home.html, about.html, services.html, gallery.html, and contact.html.

2. In each HTML file, start with the basic HTML structure. This includes the `<!DOCTYPE html>`, `<html>`, `<head>`, and `<body>` tags.

3. Inside the `<head>` tag, use the `<title>` tag to set the title of your webpage. This is what appears in the tab of the browser.

4. Inside the `<body>` tag is where you'll put all the content of your webpage. Use the `<h1>` to `<h6>` tags for headings, `<p>` for paragraphs, and `<img>` for images.

5. To embed images, use the `<img>` tag with the `src` attribute set to the URL of the image you want to display.

6. Create lists using the `<ul>` tag for unordered lists and the `<ol>` tag for ordered lists. Each item in the list should be enclosed in `<li>` tags.

7. To create tables, use the `<table>` tag. Inside this, use the `<tr>` tag to create rows and the `<td>` tag to create data cells.

8. To create hyperlinks, use the `<a>` tag with the `href` attribute set to the URL of the page you want to link to.

9. For navigation between the pages, create a simple menu in each HTML file using the `<nav>` tag. Inside this, use `<a>` tags to link to the other pages in your website. For example, `<nav><a href=""about.html"">About</a> | <a href=""services.html"">Services</a> | <a href=""gallery.html"">Gallery</a> | <a href=""contact.html"">Contact</a></nav>`.

10. Save all your HTML files in the same directory. When you open any of these files in a web browser, you'll be able to navigate between pages by clicking on the links in the menu.

Remember, this is a basic guide. To enhance the look and feel of your website, you would want to learn and use CSS (Cascading Style Sheets) for styling and JavaScript for interactivity."
27. How can one create a custom database using MS Access for an organization?,"Creating a custom database using MS Access for an organization involves several steps:

1. Open an existing or create a new database in MS Access.
2. Identify the objects supported in MS Access, such as tables, forms, queries, and reports.
3. Create tables in datasheet and design view, and set field properties.
4. Enter and edit data in the table.
5. Perform data validation and verification.
6. Develop a customized form for data entry and editing.
7. Develop queries for data manipulation.
8. Generate reports for required output, and create custom reports if needed.
9. Set relationships between tables and between tables and queries.
10. Use Visual Basic with MS Access as the front end to enhance functionality.
11. Import and export data to and from MS Access.
12. Back up and retrieve the database in Access. 

These steps can be adjusted and expanded upon based on the specific needs of the organization."
"28. How can one configure and secure a network against threats, vulnerabilities, and risks to information security in a professional setting?","To configure and secure a network against threats, vulnerabilities, and risks to information security, one can follow these steps:

1. Configuring Basic Security Measures: This involves setting up necessary security measures on network devices. This can include setting up strong passwords, enabling firewalls, and installing antivirus software.

2. Identifying Security Vulnerabilities: Regularly scan the network to identify any security vulnerabilities. This can be done through vulnerability assessment tools.

3. Identifying Mitigation Techniques: Once vulnerabilities are identified, appropriate mitigation techniques should be determined. This could involve patching software, updating hardware, or changing network configurations. 

4. Configuring Network Devices: Network devices should be configured with device hardening features to mitigate security threats. This includes disabling unnecessary services, limiting user permissions, and ensuring software is up to date.

5. Regular Monitoring and Updates: Regularly monitor the network for unusual activity and keep all software and hardware updated to ensure continuous protection against new threats.

6. Risk Management: Develop and implement policies and procedures to mitigate risks arising from ICT supply chain and outsourcing. This includes understanding the value of an asset, the potential threats, vulnerabilities, and controls, and calculating the likelihood and impact of risks.

7. Backup and Recovery: Regularly backup data and ensure there is a recovery system in place in case of a security breach.

8. Training: Train employees on best practices for maintaining network security and the importance of following these guidelines. 

Remember, security is a continuous process and requires regular monitoring, updates, and improvements."
29. How does one create and import graphics assets in Adobe Illustrator and Flash?,"In Adobe Illustrator, you can create graphics assets by using the various tools available in the program such as the shape tools, pen tool, brush tool, and more. You can then save these assets in the .ai format which is the native file format for Illustrator.

To import these assets into Flash, you would go to the File menu and select Import. From there, you can choose to import to the stage or the library. You would then navigate to the location of your .ai file, select it, and click on Import. The graphic asset from Illustrator will then appear in your Flash project. 

In Flash, you can also create graphics assets directly using its own set of tools. These include shape tools, pen tool, brush tool, and others. You can save these assets in the Flash library for use in your project."
"30. How can one perform network configuration, troubleshooting, and secure a network using network security principles?","To perform network configuration, troubleshooting, and secure a network using network security principles, one can follow these steps:

1. Connecting computers with Network: Use Ethernet cable or Wi-Fi to connect computers to a network.

2. IP Routing Process: Configure IP routing settings to ensure that data packets are sent and received correctly.

3. Verifying Configuration: Check all the settings to ensure that everything is configured correctly. This can include checking IP addresses, subnet masks, default gateways, and DNS servers.

4. Setting up basic protection: Implement security measures, such as using public keys for secure communication and MAC address filters to restrict unauthorized devices from connecting to the network.

5. Power over Ethernet (PoE): Connect devices such as IP cameras and wireless access points using PoE. This allows these devices to receive both power and data from the same cable, simplifying the setup.

6. Firewall Technologies: Use firewall technologies to secure the network perimeter. This can include configuring firewall rules to block or allow specific traffic.

7. Wi-Fi Configuration: Configure Wi-Fi settings to implement security considerations, such as setting up a strong network password and enabling encryption.

8. Frequent Monitoring and Troubleshooting: Regularly monitor the network to identify and resolve any issues promptly. This can involve checking the network's performance, identifying bottlenecks, and resolving any connectivity issues.

9. Regular Updates: Make sure all your network devices are regularly updated with the latest firmware or software updates. These updates often include security patches that can protect your network from new threats. 

10. User Training: Train all users on basic network security principles, such as not sharing passwords, avoiding suspicious emails, and only connecting trusted devices to the network. 

These steps can help in effectively performing network configuration, troubleshooting, and securing a network using network security principles."
"31. Can you explain the process of designing a webpage in PHP embedding CSS, JavaScript, and using Bootstrap?","Designing a webpage in PHP embedding CSS, JavaScript, and using Bootstrap involves several steps:

1. **Setup Development Environment**: Begin by installing the necessary software such as a text editor (like Sublime Text or Notepad++), a web server (like Apache), and PHP.

2. **Create a PHP File**: Start by creating a .php file. This is where you will write your PHP code.

3. **HTML Structure**: In the PHP file, start with the basic HTML structure. Include <!DOCTYPE html> at the beginning, followed by <html>, <head>, and <body> tags.

4. **Embedding CSS**: CSS can be embedded in two ways: inline or external. For inline CSS, use the 'style' attribute inside HTML tags. For an external CSS, create a .css file and link it in your HTML using <link> tag in the <head> section.

5. **Embedding JavaScript**: JavaScript can be embedded in two ways: inline or external. For inline, the script can be written in between <script> tags in the HTML body. For external, create a .js file and link it in your HTML using <script src=""script.js""></script> at the end of the body.

6. **Using PHP**: Inside the PHP file, you can write PHP scripts inside <?php ?> tags. 

7. **Using Bootstrap**: To use Bootstrap, you should link the Bootstrap CDN in your HTML file. It provides ready-to-use components like buttons, forms, cards, navbar, etc.

8. **Designing the Page**: Now you can design your webpage using a combination of HTML, CSS, JavaScript, PHP, and Bootstrap. You can create forms, tables, buttons, etc., style them using CSS and Bootstrap, and make them interactive using JavaScript and PHP.

9. **Testing**: Once you finish designing, test your webpage by running it on your web server. Make sure that all scripts and functionalities work correctly.

10. **Debugging and Deployment**: After testing, debug any issues that arise and make necessary changes. Once everything is working as expected, your webpage is ready to be deployed.

Remember, HTML forms the structure of your webpage, CSS provides the style, JavaScript adds interactivity, PHP is used for server-side scripting, and Bootstrap allows for responsive design."
"32. How can one create a blog using free blogging services like blogspot.com or WordPress, and how to maintain it?",The text does not provide information on how to create or maintain a blog using free blogging services like blogspot.com or WordPress.
33. How can one install and configure Windows Server and Linux server for various operations?,"To install and configure Windows Server, the following steps can be followed:

1. Identify Server Hardware: Understand the server's hardware specifications and requirements. (4 hrs)
2. Install and Configure Windows Server: Install the server operating system and configure the settings as per the requirements. (4 hrs)
3. Install and Configure Active Directory: This is a directory service for Windows domain networks that authenticates and authorizes users in a Windows domain. (4 hrs)
4. Implementing Active Directory Services: Implement the Active Directory Services for a systematic and secure organization of the network resources. (4 hrs)
5. Configure broadband modem and share the internet connection: This allows multiple devices to use the same internet connection. (4 hrs)
6. Configure a server as a web server: This is to host web pages. (8 hrs)
7. Configuring Mailbox Servers: Configure the server to send, receive, and store emails. (4 hrs)
8. Implementing: Put the configurations in action. (Not specified)
9. Backup and Recovery: Regularly backup the server data and ensure a recovery plan is in place for emergencies. (8 hrs)

For installing and configuring a Linux server, follow these steps:

1. Install Linux Server: Install the Linux server operating system. (3 hrs)
2. Create new user and group: Create user accounts and groups for managing the server. (2 hrs)
3. Create public and data directory: These directories will be used for storing files and data. (2 hrs)
4. Create an lmlhosts file: This is for mapping IP addresses to hostnames. (2 hrs)
5. Check host file: Verify the host file for any errors or misconfigurations. (2 hrs)
6. Secure and run SWAT: Secure the server and run the SWAT (Samba Web Administration Tool) for managing the server using a web browser. (Not specified)
7. Filter ports: This is to enhance the security of the server by allowing only specific communications. (2 hrs)"
"34. How can one perform operations with Classes and Objects in Python, including creating an object, managing object properties and methods, and dealing with object constructors and destructors?","In Python, you can perform operations with Classes and Objects in the following ways:

1. Creating an object: To create an object, first define a class with the keyword `class`, then instantiate it. For example:
```python
class MyClass:
    x = 5

p1 = MyClass()
print(p1.x)
```
This will print `5` because `p1` is an object of `MyClass`, and `x` is an attribute of `MyClass`.

2. Managing object properties and methods: Class attributes are defined in the class body and belong to the class and its instances. Methods are functions that belong to the class.
```python
class MyClass:
    x = 5
    def myMethod(self):
        return 'Hello, world!'

p1 = MyClass()
print(p1.x) # prints 5
print(p1.myMethod()) # prints 'Hello, world!'
```

3. Object constructors and destructors: The constructor method in Python is `__init__`. It is automatically called when an object is instantiated. The destructor method in Python is `__del__`. It is called when an object is destroyed.
```python
class MyClass:
    def __init__(self):
        print('Object created.')

    def __del__(self):
        print('Object destroyed.')

p1 = MyClass() # prints 'Object created.'
del p1 # prints 'Object destroyed.'
```
Remember to always include `self` as the first parameter in all instance methods, including the `__init__` and `__del__` methods. `self` is a reference to the instance of the class, and is used to access variables and methods that belongs to the class."
35. What are the key steps in creating graphic animations using Adobe After Effects and 3Ds Max?,"The key steps in creating graphic animations using Adobe After Effects and 3Ds Max include:

Adobe After Effects:
1. Practicing on the user interface.
2. Creating and using compositions.
3. Practicing on key framing and using the timeline.
4. Looping animations.
5. Editing motion paths.
6. Creating arrival bound effects.
7. Simulating between authoring tools and special effects tools.
8. Applying filter effects and masks to components.
9. Animating 3D transformations.
10. Including a common loop sound.
11. Practicing simple scripting in special effects tools.
12. Practicing on rotoscoping, chroma, 2D & 3D tracing, and green/blue screen technique/shooting, along with color correction.

3Ds Max:
1. Creating projects and scenes.
2. Practicing on transform tool basics, pivot points, grouping and parenting, and modeling with primitives.
3. Setting up the project, views/panels, hotbox, viewing geometry, channel box, layer box, attributes editor, and QWERTY navigation.
4. Working with the camera, over view of MEL, outliner/hypergraph, and grouping/parenting shelf marking menus.
5. Modeling using curve tools/snapping, revolving, history, duplicating, working with NURBS, and detaching surfaces.
6. Working with polygons, sub-divisional surfaces, split polygon tool, lofting, and extruding.
7. Modeling with polygon tools, proxy, normals, and lighting/rendering.
8. Working with hyperspace, materials, apply materials, making shader networks, combining ramps, layered textures, introduction to lights, and making bump maps.
9. Working with shadows, UV mapping, specular maps, paints FX, render view, camera settings, render globals, and toon shader."
"36. How can one install and configure a local web server and publish web pages using HTML, CSS, VB Script, and JavaScript?","To install and configure a local web server and publish web pages using HTML, CSS, VB Script, and JavaScript, you can use Internet Information Services (IIS) that comes with Windows or install an open-source web server like Apache or Wamp. Here is a general guide:

1. **Install the Web Server:**
   - For IIS, go to ""Turn Windows features on or off"" in the Control Panel, and check the box for Internet Information Services.
   - For Apache/Wamp, download the software from their official websites and follow the installation instructions.

2. **Configure the Web Server:**
   - For IIS, open the IIS Manager, click on the server name, and then click on the ""Web Sites"" folder. Here you can add a new website by right-clicking and selecting ""Add Website"".
   - For Apache/Wamp, edit the httpd.conf file (located in the conf folder of the Apache installation directory) to set your document root (the location where your web pages will be stored).

3. **Create Web Pages:**
   - Using a text editor or a dedicated HTML editor, create your web pages using HTML, CSS, VB Script, and JavaScript. Save these files in the document root you specified in your web server configuration.

4. **Publish the Web Pages:**
   - If you're using IIS, simply place your web page files into the directory you specified when you created the website in IIS Manager.
   - If you're using Apache/Wamp, place your web page files into the document root directory you specified in the httpd.conf file.

5. **Access the Web Pages:**
   - Open a web browser and type ""localhost"" (or the server name you specified) into the address bar. Your web page should display.

Remember, this is a very general guide. Specific steps may vary depending on the versions of the software you are using and the specifics of your system configuration. Always refer to the official documentation for the most accurate information."
"37. How can one design and publish web pages using HTML, embedding CSS, JavaScript, and using Bootstrap in a local web server?","Designing and publishing web pages using HTML, CSS, JavaScript, and Bootstrap in a local web server involves the following steps:

1. Install a local web server: You can use software like Apache, IIS or Wamp to turn your computer into a web server.

2. Design your web pages: Use HTML to structure your web page. HTML (HyperText Markup Language) is a standard markup language for designing web pages. It involves working with HTML tags, creating ordered and unordered lists, working with fonts, colors, and hyperlinks, and creating forms and tables.

3. Style your web pages: Use CSS (Cascading Style Sheets) to style your web pages. CSS is a stylesheet language used for describing the look and formatting of a document written in HTML. You can practice configuring different aspects like backgrounds, borders, box model, font, text, colors, table, list, animations, and transitions.

4. Make your web pages interactive: Use JavaScript to make your web pages interactive. JavaScript is a high-level, interpreted programming language that is characterized as dynamic, weakly typed, prototype-based and multi-paradigm. You can practice using JavaScript in an HTML document, creating and calling functions, using control structures like if else, for loop, while loop, and working with operators and string processing.

5. Use Bootstrap components: Bootstrap is a free and open-source front-end library for designing websites and web applications. It contains HTML and CSS-based design templates for typography, forms, buttons, navigation and other interface components, as well as optional JavaScript extensions. Practice using Bootstrap components like alerts, badge, breadcrumbs, buttons, button group, cards, carousel, collapse and accordion, custom forms, dropdowns, forms, input group, jumbotron, list group, media object, nav, navbar, and bootstrap modal (plugin).

6. Publish your web pages on your local web server: Once your web pages are designed, styled, and made interactive, you can publish them on your local web server. You can use the installed web server software to host these web pages.

Remember to validate and test your web pages to ensure they look and function as expected before making them live."
38. How can one create and publish web pages in a local web server using Python basics?,The context does not provide specific information on how to create and publish web pages in a local web server using Python basics.
"39. How does one install and configure MySQL, and what are the steps to creating a database design in MySQL?","The syllabus mentions the following steps for installing, configuring MySQL, and creating a database design:

1. Install MySQL: This might involve downloading the MySQL server from the official website and following the setup prompts to install it on your system.

2. Configure MySQL: This might include setting up the root user, setting up a password, and configuring other settings according to your requirements.

3. Practice MySQL syntax: This involves learning and understanding the various commands and syntax used in MySQL.

4. Creating a database design: This involves planning and creating the structure of your database. This would include deciding what tables you need, what columns each table should have, what type of data each column will store, and how these tables should relate and interact with each other.

5. Practice data migration: This might involve moving data from one database to another, or from one table to another.

6. Practice importing and exporting formats: This could be moving data in and out of your MySQL database in various formats like CSV, SQL, etc.

7. Practice Database repair and archival: This could involve learning how to troubleshoot and fix issues in your database, and how to archive data for storage and retrieval.

8. Practice on cross database syntax equivalents: This involves understanding how to translate syntax and commands from one database language to another, like from SQL Server to MySQL.

It's important to note that the exact steps can vary depending on the specific version of MySQL and the operating system you're using."
40. How can one use Adobe Premier for editing video and audio?,"Adobe Premier can be used for editing video and audio through the following steps:

1. Project Settings: Change project settings and preference settings. 

2. Asset Management: Manage sequences and clips. Work with offline and online clips.

3. Managing Clips: Use the project panel, views, and the preview area. Organize clips and bins, duplicate and copy clips, rename clips, find clips using the search function, interpret footage, unlink and relink media.

4. Creating a Sequence: Use editing methods, set in and out points, work with sub clips, source and target tracks, overlay and insert edits, add clips by dragging, perform 3 and 4 point edits, lift and extract, do storyboard editing, and create multiple and nested sequences.

5. Editing in the Timeline: Use the time ruler, add, delete and rename tracks, select, split clips, adjust speed, duration and reverse, perform multicam editing, synchronize clips, replace clips.

6. Refining the sequence: Use snapping, trimming methods, trim clips, perform ripple, roll, slip and slide edits, use the trim panel, make split edits (L and J cuts).

7. Transitions: Use the effects panel, understand transitions, apply a transition, edit a transition.

8. Working with Audio: Use the audio mixer, record with the audio mixer, manage fading panning and balancing effects, take corrective measures and route tracks.

9. Titles: Create a title, work with text paths, roll and crawl titles, configure text.

10. Working with Effects: Understand effect types, effect properties, use the effects control panel, do key framing, work with motion effects, opacity and volume, lighting effects, time warp (pixel motion blending), use special effect tools.

11. Output: Create DVDs, Blu-Ray, SWF, MP4 and FLV files, use the media encoder for DVD makers using clip notes."
"41. How can one create graphic designs using Adobe Photoshop and Corel Draw, and then publish these designs?","To create graphic designs using Adobe Photoshop and Corel Draw, follow these steps:

1. Use Adobe Photoshop to create or edit images. This could involve using the paint tool, drawing curve segments, creating brushes, or using the selection tools to move, copy, and delete objects. 

2. Use Corel Draw to enhance the design. This could involve practicing the use of palettes, drawing and editing with the pencil tools, transforming selected objects, using the pathfinder palette, and changing vector Graphics into Bitmap images.

3. Once the design is complete, you can publish it. This could involve linking objects to URLs for internet packages, or uploading the images to a free registered website.

Remember to practice using the tools and techniques in Adobe Photoshop and Corel Draw to get better at creating graphic designs."
42. How can one use Microsoft Access and Visual Basic to create customized database files?,"One can use Microsoft Access and Visual Basic to create customized database files by following these steps:

1. Open an existing or create a new database with MS-Access.
2. Identify the objects supported in MS-Access.
3. Create a table in datasheet and design view.
4. Enter data and edit data in the table.
5. Apply data validation and verification in Access to ensure the integrity of the data.
6. Develop a customized form for data entry and editing, using Visual Basic for the form design and logic.
7. Develop queries using SQL or Access's query design tools, which can be called and executed from Visual Basic.
8. Generate reports for the required output, using either Access's built-in reporting tools or by creating custom reports in Visual Basic.
9. Set relationships between tables to establish the structure of your database, and between tables and queries to retrieve and manipulate data.
10. Use Visual Basic as a front end to interact with the MS-Access database, creating a user-friendly interface for data input and output.
11. Create a simple application using Access and Visual Basic for a given specification.
12. Import/Export data to/from MS-Access using the built-in tools or by writing custom import/export scripts in Visual Basic.
13. Set up database backup and retrieval in Access to protect your data.

These steps should be done in a stepwise manner, each building on the previous one. The process may require a good understanding of Visual Basic programming and Access database design."
"43. How can one install and configure Windows Desktop and File Explorer, and then secure Windows workstations and manage wireless security?","The IT Support Executive training syllabus provides a detailed guide on how to install and configure Windows Desktop and File Explorer, secure Windows workstations, and manage wireless security.

For installing and configuring Windows Desktop and File Explorer, the following steps can be followed:

1. After installing the Windows Operating System, you need to configure the Windows Desktop. This involves setting the desktop background, screen resolution, and other visual effects.

2. For the File Explorer, you need to set folder options such as showing hidden files and folders, displaying file extensions, and choosing whether to open each folder in the same or its own window.

To secure Windows workstations and manage wireless security, the following steps can be followed:

1. One of the most important aspects of securing a Windows workstation is to ensure that all updates and patches are installed promptly.

2. Use a reliable antivirus software and keep it updated.

3. Use strong, unique passwords for all user accounts and change them regularly.

4. Enable firewalls to block unauthorized access to your network.

5. Use encryption for your wireless network and choose a strong password for your Wi-Fi.

6. Regularly back up important data and ensure that the backup is secure.

7. Limit the number of users who have administrative privileges.

8. Be cautious of suspicious emails and websites, and train users to avoid phishing scams.

Remember that these processes should be done according to the guidelines and procedures stated in the IT Support Executive training syllabus to ensure they are correctly implemented."
44. How can one use the concept of virtualization in cloud computing?,"Virtualization in cloud computing involves creating a virtual version of something, such as a server, storage device, network or operating system. It allows multiple users to access and use these resources simultaneously, as if they each have their own dedicated device or system. This is done by partitioning a single physical server into multiple virtual servers, each of which can run its own operating system and applications independently. 

In the context of cloud computing, this enables service providers to serve multiple clients using the same physical resources, thereby maximizing efficiency and reducing costs. Each client can run their own applications in the cloud without having to invest in the physical infrastructure themselves. 

In practice, a user might utilize cloud-based virtualization to host a website, practice with Software as a Service (SaaS) or Platform as a Service (PaaS), or perform other tasks using free cloud services, as mentioned in the provided context."
"45. How can one create graphic designs using Adobe PageMaker and Corel Draw, and what are the steps to working with these designs?","One can create graphic designs using Adobe PageMaker and Corel Draw through the following steps:

Adobe PageMaker:
1. Start by opening Adobe PageMaker and create a new document or open an existing one.
2. Use the different tools available in the toolbar to create your design. This might include the text tool for adding text, the rectangle tool for creating shapes, or the pen tool for freehand drawing.
3. You can also import images and graphics from other sources and add them to your design.
4. Use the options in the menu bar to edit your design, like changing the color, size, or alignment of your elements.
5. Once you're satisfied with your design, you can save it and export it in a format suitable for your needs.

Corel Draw:
1. Open Corel Draw and create a new document.
2. Use the tools in the toolbox to create your design. This could include the pick tool for selecting and moving objects, the shape tool for editing the shape of objects, or the text tool for adding text.
3. Practice using different palettes to change the color, style, or texture of your design elements.
4. Use the transformation tools to manipulate the size, position, or orientation of your elements.
5. Practice using the pathfinder palette to combine shapes in different ways.
6. Lastly, you can practice changing vector graphics into bitmap images.

In both programs, you should also practice creating long book works, working with reports, and creating pamphlets as part of your design work."
"46. How can one use Microsoft Word, Excel, PowerPoint, and Outlook in performing various operations?","Microsoft Word, Excel, PowerPoint, and Outlook can be used in the following ways:

1. Microsoft Word: This software is used for creating and editing documents. It includes features such as adding images, creating tables, mail merge, adding bookmarks, formatting text, creating hyperlinks, and more.

2. Microsoft Excel: This is a spreadsheet program used for creating worksheets with mathematical formulas. It's also helpful for creating graphs, charts, and organizing data.

3. Microsoft PowerPoint: This is used for creating multimedia presentations. You can add different slides, insert text, pictures, videos, and even animations. It also allows you to customize the design of your slides.

4. Microsoft Outlook: This is primarily an email application but it also includes features for calendar management, task management, and contact management. Outlook allows you to send and receive emails, set up rules to filter out junk mail, and create personal distribution lists. You can also use the 'Find' tool to quickly find messages, appointments, or tasks."
"47. How can one design a website with Dreamweaver, including incorporating PHP, VBScript, JavaScript, MySQL, and other related software?","One can design a website with Dreamweaver by following these steps:

1. Start Dreamweaver and create a new HTML file. 

2. Use the various tools available in Dreamweaver to layout your webpage. This can include tables, frames, and layouts.

3. You can input your code directly into the HTML file. Dreamweaver supports a multitude of languages including PHP, VBScript, JavaScript, and SQL for MySQL databases.

4. Utilize Cascading Style Sheets (CSS) for styling your webpage. You can create a new CSS file and link it to your HTML file.

5. Incorporate interactive elements using JavaScript or VBScript.

6. If your website needs a database, use MySQL and PHP to connect your website to the database.

7. You can also incorporate Dreamweaver with related software such as Macromedia Fireworks and Flash for creating and editing graphics or animations for your website.

8. Dreamweaver also allows you to manage your websites with directories and different types of computer files. 

9. Once you are satisfied with your webpage, you can preview it in a browser directly from Dreamweaver before uploading it to your web server. 

Remember that while Dreamweaver is a powerful tool, it requires knowledge of web design and coding to fully utilize its capabilities."
"48. How can one use Python for basic coding concepts, including the print() function, arithmetic operators, and managing variables?","One can use Python for basic coding concepts in the following ways:

1. The print() function: This is one of the basic functions in Python. It is used to print the specified message or data to the screen. For example, print(""Hello World"") will display the message ""Hello World"" on the screen.

2. Arithmetic Operators: Python has a variety of arithmetic operators that can perform operations such as addition (+), subtraction (-), multiplication (*), division (/), modulus (%), exponentiation (**), and floor division (//). For example, a = 10, b = 20, print(a+b) will output 30.

3. Managing Variables: Variables in Python can be declared and used easily. You just have to assign a value to a variable to declare it. For example, x = 5 declares a variable x and assigns the value 5 to it. Python also supports different data types for variables such as integers, floats, strings, and boolean values. The values of these variables can be changed as per the requirement in the program.

4. Commenting: Comments in Python start with the hash character (#) and extend to the end of the physical line. It is used to explain Python code, and these are ignored by Python interpreter.

5. Input/Output: Python uses the input() function to take input from the user and print() function to provide output. For example, name = input(""Enter your name: "") will take a name as input from the user.

6. Converting strings to numbers: Python provides int() and float() functions to convert strings into integers and floating point numbers respectively.

7. Assigning Variables: Python allows you to assign values to multiple variables in one line, like x, y, z = ""Orange"", ""Banana"", ""Cherry"". 

8. Python allows for the use of shortcut operators such as +=, -=, *=, and /= which perform an operation and assignment in one step. For example, x += 3 is the same as x = x + 3. 

Remember that Python is case sensitive, so variables ""a"" and ""A"" would be different from each other."
"49. How can one create and publish web pages in a local web server using HTML, CSS, VB Script, and JavaScript?","To create and publish web pages on a local web server, one can follow these steps:

1. Install a local server: First, you need to install a local server. This can be done using software such as Apache, Nginx, or IIS.

2. Create HTML files: Using a text editor like Notepad or an IDE like Visual Studio Code, write your HTML code. This will structure and create the content of your webpage.

3. Use CSS for styling: With CSS (Cascading Style Sheets), you can specify the look of your webpage. You can define styles for your HTML elements, such as color, fonts, layout, and more.

4. Incorporate JavaScript for interactivity: JavaScript can make your webpage interactive. It is used to create features like image sliders, form validations, interactive maps, and more.

5. Use VBScript for server-side scripting: VBScript can be used for server-side scripting to create dynamic web pages. Note that VBScript is not widely used for web development today, and languages like PHP, Python, Ruby, or JavaScript (Node.js) are more common for server-side scripting.

6. Save your files: Save your HTML, CSS, JavaScript, and VBScript files in the root directory of your local server. The root directory is usually a folder named 'htdocs' or 'www'.

7. Start your local server: Run your local server software. This will usually involve opening the software and clicking a 'start' or 'run' button.

8. Access your webpage: Open a web browser and type 'localhost' or '127.0.0.1' into the address bar. This should display your webpage.

9. Publish your Page: If you want to publish your webpage to the internet, you will need to upload your files to a web hosting service. 

Remember, creating web pages involves a lot of trial and error, so don't be afraid to experiment and learn."
"50. How can one create workbooks with advanced formulas, macros, charts, and pivot tables in Excel?","The context does not provide information on how to create workbooks with advanced formulas, macros, charts, and pivot tables in Excel."
"51. How can one discuss the concept of cloud computing and its common services such as Office 365, Google Drive, and Dropbox?","The concept of cloud computing can be discussed as a model of computing where servers, storage, databases, networking, software, analytics, and intelligence are hosted on the Internet (""the cloud""). This model allows for flexible resources, economies of scale, and typically only requires users to pay for cloud services they use.

Common services of cloud computing include Software as a Service (SaaS) like Office 365, Google Drive, and Dropbox. These services allow users to access software and associated data from any device that has an internet connection.

Office 365, for example, includes applications such as Word, Excel, and PowerPoint, which are delivered to users via the cloud. Users can create, edit, and store documents directly in the cloud, allowing for easy access and collaboration.

Google Drive is another cloud service that provides storage space for files. Users can upload and download files from Google Drive, and it is integrated with other Google services like Google Docs, Sheets, and Slides.

Dropbox is a file hosting service that offers cloud storage, file synchronization, and client software. It creates a special folder on the user's computer, the contents of which are then synchronized to Dropbox's servers and to other devices where the user has installed Dropbox.

In discussing these services, one might highlight their accessibility, their ease of use, and their ability to facilitate collaboration."
"    The Microsoft Word, Excel, PowerPoint, and Outlook programs are all part of the Microsoft Office Suite. These programs are used for various tasks such as creating documents, spreadsheets, presentations, and managing emails, respectively. Adobe Photoshop and Corel Draw are graphic design software used for creating and editing images. Adobe PageMaker is a desktop publishing software used for creating high-quality publications, such as brochures and newsletters. Virtualization in cloud computing is a technology that allows to create multiple simulated environments or dedicated resources from a single, physical hardware system. Python is a high-level programming language used for general-purpose programming. A local web server is a server that is accessed by computers in the same local network.","The Microsoft Office Suite includes Word for creating and editing documents, Excel for creating spreadsheets, PowerPoint for creating presentations, and Outlook for managing emails. Adobe PageMaker, Adobe Photoshop, and Corel Draw are all graphic design software for creating and editing various types of visual content. Additionally, cloud computing involves using a network of remote servers hosted on the internet to store, manage, and process data, rather than a local server. Python is a popular high-level programming language used for a variety of purposes, including web development, data analysis, machine learning, and more."
